Honor ID,Inscription ID,Appearances,Notes
3000,267,1,
3001,267,1,
3002,267,1,
3003,267,1,
3004,267,1,
3004,268,1,
3005,269,1,
3005,270,1,
3006,270,2,
3007,271,4,
3008,271,1,
3009,271,1,
3010,271,1,
3011,271,1,
3005,273,1,
3014,274,1,
3004,275,1,
3015,275,1,
3016,277,1,
3016,278,1,
3004,279,1,
3004,281,1,
3004,282,1,
3005,282,1,
3017,282,1,
3005,283,1,
3018,283,1,
3004,284,1,
3016,285,1,
3019,288,1,
3020,289,1,
3020,290,1,
3021,290,1,
3022,295,1,
3025,297,1,
3026,297,1,
3027,297,1,
3016,298,1,
3005,299,1,
3006,300,1,
3016,300,1,
3028,300,1,
3029,300,1,
3030,300,1,
3031,300,1,
3032,300,1,
3033,300,1,
3034,300,1,
3035,300,1,
3036,300,1,
3037,300,1,
3038,300,1,
3039,300,1,
3040,300,1,
3041,300,1,
3042,300,1,
3068,300,1,
3005,302,1,
3016,302,3,
3005,307,1,
3005,317,1,
3005,318,1,
3005,319,1,
3005,323,1,
3015,324,1,
3019,325,1,
3005,329,1,
3043,331,1,
3044,332,1,
3032,333,1,
3004,334,1,
3025,334,1,
3004,335,1,
3025,335,1,
3015,336,1,
3015,337,1,
3004,341,1,
3045,341,1,
3046,341,1,
3004,342,1,
3004,343,1,
3006,343,1,
3004,344,1,
3025,344,1,
3047,344,1,
3016,348,1,
3016,349,1,
3049,350,1,
3005,351,1,
3025,354,1,
3025,355,1,
3023,356,1,
3050,356,1,
3051,356,1,
3005,357,1,
3004,358,1,
3023,358,2,
3027,358,1,
3050,358,1,
3015,359,1,
3025,361,1,
3024,363,1,
3025,363,1,
3004,364,1,
3005,364,1,
3005,365,1,
3004,369,1,
3005,370,1,
3004,371,1,
3019,371,1,
3004,372,1,
3004,373,1,
3005,373,1,
3004,374,1,
3005,374,1,
3004,375,1,
3004,376,1,
3027,377,1,
3004,379,1,
3052,379,1,
3019,380,1,
3005,393,1,
3053,394,1,
3005,395,2,
3005,396,1,
3005,414,1,
3005,416,1,
3054,419,1,
3050,423,1,
3023,425,1,
3005,431,1,
3004,434,1,
3004,435,1,
3004,436,1,
3004,437,1,
3025,438,1,
3061,439,1,
3005,440,1,
3005,441,1,
3062,441,1,
3004,442,1,
3005,442,1,
3063,442,1,
3034,443,1,
3064,443,1,
3065,443,1,
3006,445,1,
3027,445,1,
3024,446,1,
3024,448,1,
3024,449,1,
3024,451,1,
3066,453,1,
3019,454,1,
3112,454,1,
3006,455,2,
3015,455,1,
3023,455,2,
3027,455,1,
3059,455,2,
3067,455,1,
3015,456,1,
3004,458,1,
3005,458,1,
3005,459,1,
3068,459,1,
3068,462,1,
3006,463,1,
3015,463,1,
3023,463,1,
3027,463,1,
3051,463,1,
3059,463,1,
3069,463,1,
3070,463,2,
3071,463,1,
3072,463,1,
3073,463,1,
3074,463,2,
3075,463,1,
3076,463,1,
3077,463,1,
3078,463,1,
3079,463,1,
3080,463,1,
3081,463,1,
3082,463,1,
3083,463,1,
3084,463,1,
3085,463,1,
3005,464,1,
3015,464,1,
3086,465,1,
3086,466,1,
3005,467,1,
3016,467,1,
3087,468,1,
3021,470,2,
3112,470,1,
3024,471,1,
3088,471,1,
3016,472,1,
3027,472,1,
3005,474,1,
3022,474,1,
3021,476,2,
3089,476,1,
3090,476,1,
3005,477,1,
3021,477,1,
3025,477,1,
3091,477,1,
3006,478,1,
3016,478,1,
3067,478,1,
3087,478,1,
3006,479,1,
3016,479,1,
3051,479,1,
3067,479,1,
3005,480,1,
3005,481,1,
3061,481,1,
3092,482,1,
3093,482,1,
3006,483,3,
3023,483,2,
3024,483,1,
3027,483,3,
3051,483,2,
3059,483,3,
3086,483,1,
3087,483,4,
3094,483,1,
3095,483,2,
3112,483,1,
3113,483,1,
3005,485,1,
3019,487,1,
3030,487,1,
3086,487,1,
3101,490,1,
3061,491,1,
3107,491,1,
3016,492,1,
3023,492,1,
3027,492,1,
3108,492,1,
3109,492,1,
3110,492,1,
3016,493,2,
3023,493,1,
3027,493,1,
3108,493,1,
3109,493,1,
3086,494,1,
3024,495,1,
3111,495,1,
3024,496,1,
3024,497,1,
3086,500,1,
3019,501,1,
3016,502,2,
3019,502,1,
3021,502,1,
3112,502,2,
3023,503,2,
3030,503,1,
3026,503,5,
3059,503,1,
3060,503,1,
3094,503,2,
3112,503,3,
3107,504,1,
3005,511,1,
3016,511,2,
3024,513,1,
3060,513,1,
3101,513,2,
3006,514,1,
3023,514,1,
3024,514,1,
3087,514,1,
3107,514,1,
3114,514,1,
3115,514,4,
3086,515,1,
3086,516,1,
3024,518,1,
3005,520,1,
3006,520,1,
3016,520,2,
3005,521,1,
3016,521,2,
3005,522,1,
3004,523,1,
3006,523,6,
3023,523,4,
3025,523,1,
3027,523,2,
3060,523,1,
3116,523,1,
3117,523,2,
3118,523,1,
3119,523,3,
3005,524,1,
3059,524,1,
3120,527,1,
3031,530,1,
3015,531,1,
3047,531,1,
3048,531,1,
3080,531,1,
3006,532,1,
3025,533,1,
3059,533,1,
3059,539,1,
3023,540,1,
3023,541,1,
3051,541,1,
3027,542,1,
3059,542,1,
3006,543,1,
3026,543,1,
3059,543,1,
3015,544,1,
3027,544,1,
3015,545,1,
3059,545,1,
3059,546,1,
3006,547,1,
3059,548,1,
3004,549,1,
3015,550,1,
3005,551,1,
3024,556,1,
3005,568,1,
3005,587,1,
3121,588,1,
3022,590,1,
3005,591,1,
3027,596,1,
3059,596,1,
3024,597,1,
3061,599,1,
3004,606,1,
3121,619,1,
3004,621,1,
3005,621,1,
3006,621,1,
3016,621,1,
3023,621,1,
3027,621,1,
3059,621,1,
3109,621,1,
3006,622,1,
3016,622,3,
3062,622,1,
3077,622,1,
3049,623,1,
3037,624,1,
3110,624,1,
3122,624,1,
3048,625,1,
3049,625,1,
3027,626,1,
3048,626,1,
3068,626,1,
3108,626,1,
3112,628,1,
3123,629,1,
3124,629,1,
3021,630,2,
3024,630,1,
3125,630,1,
3126,630,1,
3086,631,1,
3016,632,1,
3023,633,1,
3027,633,1,
3068,633,1,
3117,633,1,
3119,633,1,
3127,633,1,
3128,634,1,
3005,635,1,
3129,635,1,
3005,636,1,
3006,638,1,
3028,638,1,
3086,638,1,
3101,638,2,
3104,638,1,
3130,638,2,
3005,639,1,
3016,639,2,
3005,640,1,
3077,640,3,
3078,640,1,
3080,640,1,
3131,640,1,
3132,640,1,
3005,642,1,
3006,644,1,
3086,644,1,
3133,644,1,
3005,645,1,
3023,645,1,
3060,645,1,
3068,645,1,
3094,645,1,
3134,645,1,
3086,646,1,
3024,647,1,
3005,648,1,
3016,648,2,
3006,649,1,
3026,649,1,
3086,649,1,
3006,650,1,
3068,650,1,
3124,650,1,
3004,651,1,
3077,652,1,
3016,653,2,
3021,653,2,
3135,653,1,
3016,654,3,
3024,655,1,
3060,655,1,
3136,655,1,
3137,655,1,
3138,655,1,
3034,656,1,
3061,656,1,
3086,659,1,
3024,660,2,
3112,661,1,
3015,663,1,
3004,666,1,
3024,671,1,
3022,675,1,
3016,679,1,
3016,680,1,
3048,683,1,
3012,684,1,
3013,684,1,
3004,688,1,
3019,688,1,
3004,689,1,
3006,689,1,
3019,689,1,
3023,689,1,
3026,689,1,
3027,689,1,
3055,689,1,
3056,689,1,
3057,689,1,
3058,689,1,
3059,689,1,
3060,689,1,
3024,695,1,
3058,695,2,
3004,697,1,
3015,697,3,
3016,697,3,
3019,697,2,
3022,697,1,
3025,697,1,
3030,697,1,
3031,697,1,
3034,697,1,
3065,697,1,
3068,697,1,
3086,697,3,
3092,697,1,
3094,697,1,
3096,697,1,
3097,697,1,
3098,697,1,
3099,697,1,
3100,697,1,
3101,697,1,
3102,697,1,
3103,697,1,
3104,697,1,
3105,697,1,
3106,697,1,
3086,699,1,
3024,701,1,
3024,703,1,
