Person ID,Honor ID,Inscription ID,Uncertain,Appearances
2000,3000,267,TRUE,1
2000,3001,267,FALSE,1
2000,3002,267,FALSE,1
2000,3003,267,FALSE,1
2001,3004,267,FALSE,1
2001,3004,268,FALSE,1
2006,3005,269,FALSE,1
2011,3005,270,FALSE,1
2012,3007,271,FALSE,1
2012,3008,271,FALSE,1
2012,3009,271,FALSE,1
2012,3010,271,FALSE,1
2012,3011,271,FALSE,1
2016,3012,684,FALSE,1
2016,3012,685,FALSE,1
2016,3012,686,TRUE,1
2016,3012,687,TRUE,1
2017,3013,684,FALSE,1
2017,3013,685,FALSE,1
2017,3013,686,TRUE,1
2017,3013,687,TRUE,1
2019,3015,275,FALSE,1
2021,3005,273,FALSE,1
2022,3014,274,FALSE,1
2025,3016,277,FALSE,1
2025,3016,278,FALSE,1
2025,3016,300,FALSE,1
2026,3004,275,FALSE,1
2026,3004,279,FALSE,1
2026,3004,281,TRUE,1
2028,3004,282,FALSE,1
2029,3005,282,FALSE,1
2030,3017,283,FALSE,1
2030,3018,283,FALSE,1
2031,3004,284,FALSE,1
2032,3016,285,FALSE,1
2037,3019,288,FALSE,1
2038,3020,289,FALSE,1
2039,3020,290,FALSE,1
2039,3021,290,FALSE,1
2045,3022,677,FALSE,1
2050,3023,295,FALSE,1
2050,3025,297,FALSE,1
2050,3026,297,FALSE,1
2050,3057,297,FALSE,1
2052,3024,703,FALSE,1
2052,3024,704,FALSE,1
2054,3016,298,FALSE,1
2054,3016,300,FALSE,1
2054,3016,679,FALSE,1
2054,3016,680,FALSE,1
2055,3005,299,FALSE,1
2056,3006,300,FALSE,1
2059,3028,300,FALSE,1
2060,3029,300,FALSE,1
2061,3042,300,FALSE,1
2062,3030,300,FALSE,1
2063,3031,300,FALSE,1
2063,3032,300,FALSE,1
2063,3033,300,FALSE,1
2064,3068,300,FALSE,1
2065,3034,300,FALSE,1
2066,3035,300,FALSE,1
2066,3036,300,FALSE,1
2067,3037,300,FALSE,1
2067,3038,300,FALSE,1
2067,3039,300,FALSE,1
2067,3040,300,FALSE,1
2067,3041,300,FALSE,1
2068,3042,300,FALSE,1
2069,3042,300,FALSE,1
2070,3042,300,FALSE,1
2071,3042,300,FALSE,1
2072,3042,300,FALSE,1
2073,3042,300,FALSE,1
2074,3042,300,FALSE,1
2075,3042,300,FALSE,1
2076,3042,300,FALSE,1
2077,3042,300,FALSE,1
2078,3042,300,FALSE,1
2079,3042,300,FALSE,1
2080,3042,300,FALSE,1
2081,3042,300,FALSE,1
2082,3042,300,FALSE,1
2083,3042,300,FALSE,1
2084,3042,300,FALSE,1
2086,3042,300,FALSE,1
2087,3042,300,FALSE,1
2088,3042,300,FALSE,1
2089,3042,300,FALSE,1
2090,3042,300,FALSE,1
2091,3016,300,FALSE,1
2091,3016,348,FALSE,1
2091,3016,349,FALSE,1
2091,3016,680,FALSE,1
2092,3016,298,FALSE,1
2092,3016,300,FALSE,1
2092,3016,679,FALSE,1
2093,3016,300,FALSE,1
2094,3016,300,FALSE,1
2094,3030,300,FALSE,1
2095,3030,300,FALSE,1
2096,3016,300,FALSE,1
2098,3016,300,FALSE,1
2099,3016,300,FALSE,1
2100,3016,300,FALSE,1
2101,3016,300,FALSE,1
2102,3016,300,FALSE,1
2104,3005,302,FALSE,1
2110,3005,307,FALSE,1
2116,3005,317,FALSE,1
2117,3004,317,FALSE,1
2118,3005,318,FALSE,1
2119,3005,319,FALSE,1
2122,3015,324,FALSE,1
2123,3019,325,FALSE,1
2127,3005,329,FALSE,1
2129,3024,331,FALSE,1
2129,3024,334,FALSE,1
2130,3006,331,FALSE,1
2130,3043,331,FALSE,1
2131,3006,333,FALSE,1
2131,3032,333,FALSE,1
2131,3044,333,FALSE,1
2132,3004,334,FALSE,1
2132,3004,335,FALSE,1
2132,3004,341,FALSE,1
2132,3004,343,FALSE,1
2132,3004,344,FALSE,1
2132,3004,358,FALSE,1
2132,3004,364,FALSE,1
2133,3025,334,FALSE,1
2133,3058,334,FALSE,1
2136,3025,335,FALSE,1
2136,3058,335,FALSE,1
2138,3025,344,FALSE,1
2138,3047,344,FALSE,1
2143,3048,683,FALSE,1
2146,3049,350,FALSE,1
2147,3005,351,FALSE,1
2148,3058,351,FALSE,1
2151,3025,354,FALSE,1
2151,3025,355,FALSE,1
2154,3023,356,FALSE,1
2154,3025,361,TRUE,1
2154,3050,356,FALSE,1
2154,3051,356,FALSE,1
2156,3005,357,FALSE,1
2159,3023,358,FALSE,2
2159,3027,358,FALSE,1
2159,3059,358,FALSE,1
2161,3015,359,TRUE,1
2163,3024,363,FALSE,1
2164,3025,363,FALSE,1
2166,3005,364,FALSE,1
2167,3005,365,FALSE,1
2170,3004,369,FALSE,1
2172,3005,370,FALSE,1
2173,3019,371,FALSE,1
2174,3058,371,FALSE,1
2175,3004,371,FALSE,1
2175,3004,372,FALSE,1
2175,3004,373,FALSE,1
2175,3004,374,FALSE,1
2175,3004,375,TRUE,1
2175,3004,376,TRUE,1
2176,3005,373,FALSE,1
2179,3005,374,FALSE,1
2182,3027,377,FALSE,1
2184,3004,379,FALSE,1
2198,3053,394,TRUE,1
2199,3005,395,FALSE,2
2200,3004,395,FALSE,2
2201,3005,396,FALSE,1
2215,3004,405,FALSE,1
2216,3004,406,FALSE,1
2218,3004,431,FALSE,1
2221,3019,688,FALSE,1
2223,3004,434,FALSE,1
2223,3004,436,FALSE,1
2223,3004,437,FALSE,1
2223,3004,441,FALSE,1
2223,3004,442,FALSE,1
2223,3004,458,FALSE,1
2223,3004,689,FALSE,1
2226,3007,695,FALSE,1
2226,3007,696,FALSE,1
2226,3021,476,FALSE,1
2226,3025,477,FALSE,1
2226,3063,476,FALSE,1
2226,3089,476,FALSE,1
2227,3025,438,FALSE,1
2230,3061,439,FALSE,1
2236,3005,442,FALSE,1
2237,3034,443,FALSE,1
2238,3064,443,FALSE,1
2238,3065,443,FALSE,1
2240,3006,445,FALSE,1
2240,3027,445,FALSE,1
2241,3024,446,FALSE,1
2241,3066,453,FALSE,1
2243,3024,448,FALSE,2
2244,3024,449,FALSE,1
2247,3019,454,FALSE,1
2250,3006,455,FALSE,1
2250,3015,455,FALSE,1
2250,3023,455,FALSE,1
2250,3027,455,FALSE,1
2250,3059,455,FALSE,1
2250,3067,455,FALSE,1
2251,3006,455,FALSE,1
2252,3015,456,FALSE,1
2253,3004,458,FALSE,1
2260,3004,459,FALSE,1
2263,3024,483,FALSE,1
2263,3024,701,FALSE,1
2264,3024,482,FALSE,1
2264,3024,495,FALSE,1
2264,3024,496,FALSE,1
2264,3024,497,FALSE,1
2264,3024,503,FALSE,1
2264,3024,630,FALSE,1
2264,3024,702,FALSE,1
2264,3112,503,FALSE,1
2266,3068,462,FALSE,1
2268,3070,463,FALSE,1
2268,3072,463,FALSE,1
2268,3074,463,FALSE,1
2269,3070,463,FALSE,1
2269,3074,463,FALSE,1
2269,3075,463,FALSE,1
2269,3076,463,FALSE,1
2269,3077,463,FALSE,1
2269,3078,463,FALSE,1
2269,3079,463,FALSE,1
2269,3080,463,FALSE,1
2269,3081,463,FALSE,1
2269,3082,463,FALSE,1
2269,3083,463,FALSE,1
2270,3006,463,FALSE,1
2270,3015,463,FALSE,1
2270,3023,463,FALSE,1
2270,3027,463,FALSE,1
2270,3051,463,FALSE,1
2270,3059,463,FALSE,1
2270,3084,463,FALSE,1
2270,3085,463,FALSE,1
2271,3004,464,FALSE,1
2272,3063,464,FALSE,1
2273,3086,465,FALSE,1
2274,3086,466,FALSE,1
2276,3005,467,FALSE,1
2277,3006,478,FALSE,1
2277,3006,479,FALSE,1
2277,3016,514,FALSE,1
2277,3016,520,FALSE,1
2277,3016,521,FALSE,1
2277,3016,639,FALSE,1
2277,3051,479,FALSE,1
2277,3067,478,FALSE,1
2277,3067,479,FALSE,1
2277,3087,468,FALSE,1
2277,3087,478,FALSE,1
2277,3087,479,FALSE,1
2277,3114,514,FALSE,1
2277,3115,514,FALSE,1
2281,3021,470,FALSE,2
2282,3024,471,FALSE,1
2283,3088,471,FALSE,1
2284,3027,472,FALSE,1
2285,3016,472,FALSE,1
2285,3016,478,FALSE,1
2285,3016,479,FALSE,1
2285,3016,493,FALSE,1
2288,3112,688,FALSE,1
2289,3112,689,FALSE,1
2290,3004,474,FALSE,1
2291,3022,474,FALSE,1
2294,3021,476,FALSE,1
2297,3005,480,FALSE,1
2298,3005,481,FALSE,1
2298,3061,481,FALSE,1
2300,3024,482,FALSE,1
2300,3024,483,FALSE,1
2300,3112,503,FALSE,1
2302,3086,483,FALSE,1
2303,3006,483,FALSE,1
2303,3023,483,FALSE,1
2303,3027,483,FALSE,1
2303,3059,483,FALSE,1
2303,3087,483,FALSE,1
2304,3006,483,FALSE,1
2304,3023,483,FALSE,3
2304,3027,483,FALSE,1
2304,3051,483,FALSE,1
2304,3059,483,FALSE,1
2304,3084,483,FALSE,1
2304,3087,483,FALSE,1
2305,3006,483,FALSE,1
2305,3027,483,FALSE,1
2305,3059,483,FALSE,1
2305,3087,483,FALSE,2
2305,3095,483,FALSE,1
2309,3086,483,FALSE,1
2310,3005,483,FALSE,1
2313,3030,487,FALSE,1
2314,3086,487,FALSE,1
2315,3019,487,FALSE,1
2320,3024,630,FALSE,1
2321,3101,490,FALSE,1
2298,3061,491,FALSE,1
2298,3107,491,FALSE,1
2326,3023,492,FALSE,1
2326,3027,492,FALSE,1
2326,3110,492,FALSE,1
2327,3023,493,FALSE,1
2327,3027,493,FALSE,1
2327,3108,492,FALSE,1
2327,3108,493,FALSE,1
2329,3016,492,FALSE,1
2329,3016,493,FALSE,1
2330,3016,493,FALSE,1
2330,3016,622,FALSE,1
2332,3111,495,FALSE,1
2334,3019,501,FALSE,1
2335,3019,502,FALSE,1
2336,3021,502,FALSE,1
2338,3024,503,FALSE,1
2338,3024,513,FALSE,1
2338,3024,514,FALSE,1
2338,3087,514,FALSE,1
2338,3101,513,FALSE,1
2338,3112,503,FALSE,1
2339,3006,503,FALSE,1
2339,3016,503,FALSE,1
2339,3023,503,FALSE,2
2339,3025,503,FALSE,1
2339,3026,503,FALSE,4
2339,3030,503,FALSE,1
2339,3059,503,FALSE,1
2339,3060,503,FALSE,1
2339,3094,503,FALSE,2
2340,3107,504,FALSE,1
2345,3005,511,FALSE,1
2346,3016,511,FALSE,1
2277,3016,511,FALSE,1
2348,3006,514,FALSE,1
2348,3115,514,FALSE,1
2349,3023,514,FALSE,1
2350,3107,514,FALSE,1
2350,3114,514,FALSE,1
2351,3114,514,FALSE,1
2352,3114,514,FALSE,1
2353,3114,514,FALSE,1
2354,3114,514,FALSE,1
2355,3114,514,FALSE,1
2356,3114,514,FALSE,1
2357,3114,514,FALSE,1
2358,3114,514,FALSE,1
2359,3114,514,FALSE,1
2361,3114,514,FALSE,1
2362,3114,514,FALSE,1
2363,3114,514,FALSE,1
2364,3114,514,FALSE,1
2365,3114,514,FALSE,1
2366,3114,514,FALSE,1
2367,3114,514,FALSE,1
2368,3114,514,FALSE,1
2369,3114,514,FALSE,2
2370,3114,514,FALSE,1
2371,3114,514,FALSE,1
2372,3114,514,FALSE,1
2373,3114,514,FALSE,1
2374,3114,514,FALSE,1
2375,3068,514,FALSE,1
2375,3068,626,FALSE,1
2375,3114,514,FALSE,1
2375,3115,514,FALSE,1
2376,3030,514,FALSE,1
2376,3114,514,FALSE,1
2376,3115,514,FALSE,1
2377,3114,514,FALSE,1
2378,3114,514,FALSE,1
2379,3114,514,FALSE,1
2380,3114,514,FALSE,1
2381,3114,514,FALSE,1
2382,3114,514,FALSE,1
2383,3114,514,FALSE,1
2384,3114,514,FALSE,1
2385,3114,514,FALSE,1
2386,3024,518,FALSE,1
2387,3139,519,FALSE,1
2389,3016,520,FALSE,1
2389,3016,521,FALSE,1
2389,3016,632,FALSE,1
2389,3016,639,FALSE,1
2391,3005,522,FALSE,1
2392,3058,522,FALSE,1
2396,3006,523,FALSE,1
2397,3006,523,FALSE,1
2397,3023,523,FALSE,1
2397,3025,523,FALSE,1
2397,3027,523,FALSE,2
2397,3118,523,FALSE,1
2397,3119,523,FALSE,1
2398,3006,523,FALSE,1
2398,3023,523,FALSE,1
2398,3026,523,FALSE,1
2398,3027,523,FALSE,1
2399,3006,523,FALSE,1
2400,3006,523,FALSE,1
2401,3006,523,FALSE,1
2401,3023,523,FALSE,2
2401,3059,523,FALSE,1
2401,3060,523,FALSE,1
2401,3119,523,FALSE,1
2402,3006,523,FALSE,1
2403,3005,523,FALSE,1
2416,3120,527,FALSE,1
2419,3032,530,FALSE,1
2420,3015,531,FALSE,1
2420,3047,531,FALSE,1
2420,3048,531,FALSE,1
2420,3080,531,FALSE,1
2421,3006,532,FALSE,1
2422,3025,533,FALSE,1
2422,3059,533,FALSE,1
2428,3015,550,TRUE,1
2430,3059,548,TRUE,1
2431,3005,551,FALSE,1
2439,3099,588,FALSE,1
2443,3022,590,FALSE,1
2445,3005,591,FALSE,1
2448,3024,597,FALSE,1
2449,3061,599,FALSE,1
2452,3005,621,FALSE,1
2453,3006,621,FALSE,1
2453,3023,621,FALSE,1
2453,3027,621,FALSE,1
2453,3059,621,FALSE,1
2453,3109,621,FALSE,1
2459,3016,467,FALSE,1
2459,3016,622,FALSE,1
2460,3016,622,FALSE,1
2461,3049,623,FALSE,1
2463,3037,624,FALSE,1
2463,3060,624,FALSE,1
2463,3110,624,FALSE,1
2463,3122,624,FALSE,1
2464,3048,625,FALSE,2
2467,3027,626,FALSE,1
2467,3108,626,FALSE,1
2468,3005,628,FALSE,1
2472,3123,629,FALSE,1
2472,3124,629,FALSE,1
2474,3024,630,FALSE,1
2475,3021,630,FALSE,1
2475,3125,630,FALSE,1
2476,3086,631,FALSE,1
2479,3023,633,FALSE,1
2479,3027,633,FALSE,1
2479,3117,633,FALSE,1
2479,3119,633,FALSE,1
2479,3127,633,FALSE,1
2480,3068,633,FALSE,1
2481,3128,634,FALSE,1
2482,3005,635,FALSE,1
2489,3006,638,FALSE,1
2490,3028,638,FALSE,1
2491,3101,638,FALSE,1
2491,3117,523,FALSE,1
2492,3005,639,FALSE,1
2277,3016,648,FALSE,1
2389,3016,648,FALSE,1
2493,3005,640,FALSE,1
2500,3005,642,FALSE,1
2501,3004,651,FALSE,1
2502,3021,644,FALSE,1
2502,3133,644,FALSE,1
2503,3023,645,FALSE,1
2503,3060,645,FALSE,1
2503,3068,645,FALSE,1
2503,3094,645,FALSE,1
2503,3134,645,FALSE,1
2504,3086,646,FALSE,1
2505,3024,647,FALSE,1
2509,3086,649,FALSE,1
2511,3068,650,FALSE,1
2511,3108,650,FALSE,1
2516,3030,653,FALSE,1
2517,3016,654,FALSE,1
2518,3016,654,FALSE,1
2519,3016,654,FALSE,1
2520,3024,655,FALSE,1
2522,3006,656,FALSE,1
2522,3034,656,FALSE,1
2522,3061,656,FALSE,1
2523,3112,658,FALSE,1
2524,3112,658,FALSE,1
2528,3086,659,FALSE,1
2530,3086,659,FALSE,1
2532,3024,660,FALSE,1
2533,3024,660,FALSE,1
2534,3048,661,FALSE,1
2536,3015,663,FALSE,1
2540,3024,671,TRUE,1
2541,3006,689,FALSE,1
2541,3023,689,FALSE,1
2541,3026,689,FALSE,1
2541,3027,689,FALSE,1
2541,3055,689,FALSE,1
2541,3056,689,FALSE,1
2541,3057,689,FALSE,1
2541,3058,689,FALSE,1
2541,3059,689,FALSE,1
2541,3060,689,FALSE,1
2541,3086,689,FALSE,1
